siteId,daily_average_flow,weekly_average_flow,monthly_average_flow,daily_Before_COVID,daily_1st_Lockdown,daily_2nd_Lockdown,daily_Post_COVID
GA0151_A,713.1128834355828,4883.924369747899,20040.931034482757,989.0289855072464,429.81538461538463,475.38461538461536,786.0294117647059
GA0151_C,2513.927607361963,17217.235294117647,70650.03448275862,3134.376811594203,1665.7846153846153,2127.753846153846,2624.4411764705883
GA0151_D,1526.1852760736197,10452.44537815126,42891.06896551724,2291.478260869565,544.7846153846153,1000.6307692307693,1714.9117647058824
GA0401_R,387.81595092024537,2656.0504201680674,10898.965517241379,606.9420289855072,366.7846153846154,275.8615384615385,332.1617647058824
GA0401_S,1839.041717791411,12595.117647058823,51683.41379310345,2985.550724637681,890.8615384615384,1115.8615384615384,2135.955882352941
GA0401_T,457.5288343558282,3133.4957983193276,12858.137931034482,571.2608695652174,349.89230769230767,412.96923076923076,449.95588235294116
GA0571_N,2388.4613496932516,16357.949579831933,67124.0,2625.463768115942,2311.4461538461537,2214.0615384615385,2281.0588235294117
GA0571_V,733.5300613496933,5023.756302521008,20614.724137931036,1240.4057971014493,981.9076923076923,427.18461538461537,571.2058823529412
GA058A_B,1180.0944785276074,8082.1596638655465,33164.724137931036,1042.3623188405797,1127.8615384615384,1192.4769230769232,1322.0882352941176
GA058A_C,1292.3889570552146,8851.235294117647,36320.58620689655,2092.753623188406,1568.5076923076922,872.123076923077,1206.6029411764705
GA0601_T,1094.5141104294478,7496.042016806723,30759.620689655174,1282.9130434782608,804.6769230769231,1247.9076923076923,305.3382352941176
GA0601_V,810.559509202454,5551.310924369748,22779.51724137931,832.9420289855072,518.2153846153847,803.6461538461539,800.7941176470588
GA0651_A,456.12147239263805,3123.8571428571427,12818.586206896553,661.4492753623189,417.6461538461538,319.87692307692305,516.5147058823529
GA0651_B,847.2490797546012,5802.588235294118,23810.620689655174,1255.1739130434783,513.3846153846154,505.6,1070.1764705882354
GA0651_C,357.48957055214726,2448.3529411764707,10046.689655172413,434.28985507246375,280.0615384615385,300.84615384615387,360.1617647058824
GA070A_S,1963.3411042944786,13446.411764705883,55176.65517241379,2116.782608695652,1455.0,1924.9076923076923,2223.6470588235293
GA1051_P,1218.9742331288344,8348.436974789916,34257.379310344826,1910.231884057971,904.8307692307692,631.9846153846154,1526.1617647058824
GA1051_S,888.4196319018405,6084.55462184874,24967.655172413793,1315.9420289855072,1002.2153846153847,519.9692307692308,970.2647058823529
GA1321_B,864.8,5922.789915966387,24303.862068965518,1194.9130434782608,1025.3538461538462,532.4,924.8235294117648
GA1321_C,1098.6957055214723,7524.680672268908,30877.137931034482,1405.8260869565217,971.4615384615385,834.9846153846154,1207.1911764705883
GA1331_V,843.6147239263804,5777.697478991597,23708.48275862069,1259.1884057971015,1023.7846153846153,508.87692307692305,888.6617647058823
GA1361_B,2004.6601226993864,13729.394957983193,56337.862068965514,1811.927536231884,1863.553846153846,2051.1384615384613,2098.823529411765
GA1361_C,598.8466257668712,4101.344537815126,16829.655172413793,589.8985507246376,699.5692307692308,385.6923076923077,682.2794117647059
GA1371_R,1525.9116564417177,10450.57142857143,42883.379310344826,1598.855072463768,1921.246153846154,1282.676923076923,1343.5294117647059
GA1371_V,500.3877300613497,3427.0252100840335,14062.620689655172,513.3913043478261,582.4,369.9076923076923,494.5735294117647
GA1501_T,799.3263803680982,5474.378151260505,22463.827586206895,1177.4782608695652,456.8,575.7846153846153,871.4705882352941
GA1571_Q,1085.2674846625766,7432.714285714285,30499.758620689656,1087.2463768115942,967.3076923076923,1062.923076923077,1179.25
GA1571_T,1552.9447852760736,10635.714285714286,43643.10344827586,2073.9710144927535,1420.6153846153845,838.1076923076923,1732.1911764705883
GA1601_A,1553.993865030675,10642.899159663866,43672.58620689655,2293.4202898550725,1283.446153846154,819.5846153846154,1861.014705882353
GA1851_A,2028.9803680981595,13895.957983193277,57021.34482758621,2533.913043478261,871.9846153846154,1480.3384615384616,2425.926470588235
GA1851_C,596.640490797546,4086.235294117647,16767.655172413793,1318.7101449275362,530.1538461538462,347.0615384615385,413.19117647058823
GA1851_E,1019.0098159509203,6978.9327731092435,28637.689655172413,1619.855072463768,559.3384615384615,803.4,915.5588235294117
GA1851_F,268.8760736196319,1841.4621848739496,7556.3448275862065,362.536231884058,145.30769230769232,197.52307692307693,231.5441176470588
GA2351_T,1581.6159509202455,10832.0756302521,44448.862068965514,2357.449275362319,677.5538461538462,963.8153846153846,1905.7058823529412
GA2401_B,931.19754601227,6377.529411764706,26169.862068965518,1175.5072463768115,575.0153846153846,594.0153846153846,1033.8088235294117
GA2401_D,1228.6245398773005,8414.529411764706,34528.58620689655,1777.5652173913043,661.3230769230769,820.2923076923076,1545.1029411764705
GA2421_W,1604.4895705521471,10988.731092436974,45091.68965517241,2138.2753623188405,1320.8307692307692,836.2,2005.8235294117646
GA3221_B,787.5030674846626,5393.403361344538,22131.55172413793,941.9710144927536,783.7076923076924,575.0153846153846,882.3088235294117
GA3221_D,1075.638036809816,7366.764705882353,30229.137931034482,1367.9565217391305,1121.676923076923,764.723076923077,1156.3529411764705
GA4401_M,1732.7914110429447,11867.436974789916,48697.41379310345,1710.463768115942,1365.0461538461539,1799.2307692307693,2288.0882352941176
GA4401_N,1324.0184049079755,9067.857142857143,37209.48275862069,1972.0289855072465,832.7384615384616,999.9076923076923,1509.5735294117646
GA4401_Y,530.9644171779141,3636.436974789916,14921.931034482759,789.231884057971,280.33846153846156,374.0,581.6764705882352
GA4451_A,1626.1177914110428,11136.857142857143,45699.51724137931,1711.2753623188405,1373.9384615384615,1478.3692307692309,1687.1323529411766
GA4451_C,935.4122699386503,6406.394957983193,26288.310344827587,1264.7826086956522,853.8923076923077,535.5076923076923,1163.8529411764705
GA4451_D,1178.676073619632,8072.44537815126,33124.862068965514,2697.391304347826,985.0153846153846,613.9692307692308,1154.3676470588234
GA4501_S,394.8674846625767,2704.344537815126,11097.137931034482,400.07246376811594,310.2307692307692,290.81538461538463,528.2941176470588
GA4501_T,839.4588957055215,5749.235294117647,23591.689655172413,973.9855072463768,443.75384615384615,507.55384615384617,1212.3676470588234
GA4501_V,1190.3717791411043,8152.546218487395,33453.55172413793,1513.1739130434783,1054.6153846153845,751.0461538461539,1659.8235294117646
GA4551_S,935.0638036809816,6404.008403361345,26278.51724137931,1651.7391304347825,479.4,533.3076923076923,799.0882352941177
GA4551_T,1280.5484662576687,8770.142857142857,35987.8275862069,1861.3478260869565,1470.6307692307691,1029.6307692307691,1096.4264705882354
GA4551_V,448.9742331288343,3074.90756302521,12617.724137931034,458.5507246376812,374.66153846153844,412.2923076923077,614.25
GA4721_S,454.6098159509202,3113.5042016806724,12776.103448275862,525.5072463768116,424.33846153846156,317.5692307692308,511.7647058823529
GA4721_T,1072.3914110429448,7344.529411764706,30137.896551724138,1237.1159420289855,1003.5230769230769,707.7692307692307,1288.1911764705883
GA4751_D,1074.801226993865,7361.033613445378,30205.620689655174,1440.2173913043478,774.5384615384615,725.7846153846153,1204.5441176470588
GA4851_S,795.4441717791411,5447.789915966387,22354.724137931036,898.0434782608696,515.3076923076923,585.9692307692308,890.8676470588235
GA4851_V,869.0515337423313,5951.90756302521,24423.344827586207,1131.3478260869565,734.3384615384615,574.3384615384615,995.7794117647059
GA5151_P,852.7950920245398,5840.571428571428,23966.48275862069,1045.5652173913043,619.0615384615385,572.0615384615385,995.9117647058823
GA5151_R,1432.0085889570553,9807.453781512606,40244.379310344826,1834.304347826087,924.7384615384616,1277.076923076923,1403.735294117647
GA5151_T,1146.8024539877301,7854.151260504202,32229.103448275862,1731.840579710145,719.4461538461538,939.6615384615385,1058.6323529411766
GA5151_V,1673.9349693251534,11464.344537815126,47043.34482758621,1971.6521739130435,811.5692307692308,1280.0153846153846,2025.7205882352941
GA5171_B,936.0478527607362,6410.747899159664,26306.172413793105,1106.9420289855072,523.5076923076923,691.6769230769231,1082.8823529411766
GA5171_D,364.81963190184047,2498.5546218487393,10252.689655172413,518.7101449275362,259.26153846153846,197.04615384615386,431.4264705882353
GA5201_A,539.2993865030675,3693.5210084033615,15156.172413793103,509.8985507246377,312.9076923076923,715.5076923076923,622.5441176470588
GA5201_B,818.5889570552147,5606.302521008403,23005.172413793105,998.4347826086956,604.9384615384615,700.9846153846154,838.7058823529412
GA5201_D,983.1509202453988,6733.344537815126,27629.931034482757,1262.8695652173913,452.4769230769231,871.7538461538461,1168.485294117647
GA5251_R,548.9644171779141,3759.714285714286,15427.793103448275,667.3623188405797,386.7076923076923,363.2769230769231,631.5147058823529
GA5251_T,1622.4613496932516,11111.81512605042,45596.75862068965,2061.9710144927535,697.7846153846153,1179.2615384615385,2012.8382352941176
GA5251_V,1587.276073619632,10870.840336134454,44607.93103448276,2131.391304347826,834.1384615384616,1063.076923076923,2082.8088235294117
GA5301_B,574.3570552147239,3933.621848739496,16141.413793103447,833.8260869565217,455.6461538461538,381.4769230769231,682.6911764705883
GA5351_R,927.4257668711656,6351.697478991597,26063.862068965518,1267.1304347826087,467.6307692307692,738.6461538461539,1018.6617647058823
GA5351_T,2543.516564417178,17419.882352941175,71481.58620689655,3532.449275362319,1075.0461538461539,1831.3846153846155,2806.426470588235
GA5371_A,932.4871165644172,6386.361344537815,26206.103448275862,1255.695652173913,464.2307692307692,665.2615384615384,1139.2941176470588
GA5371_C,2092.006134969325,14327.605042016807,58792.58620689655,2621.4347826086955,1231.1384615384616,1630.9076923076923,2340.764705882353
GA5371_D,1473.0319018404907,10088.411764705883,41397.275862068964,2723.1884057971015,797.4307692307692,1112.123076923077,1245.1029411764705
GA5371_F,742.760736196319,5086.9747899159665,20874.137931034482,1165.7536231884058,427.3076923076923,522.1076923076923,752.1911764705883
GA5401_T,1598.555828220859,10948.09243697479,44924.93103448276,2265.782608695652,774.4769230769231,1341.676923076923,1579.6911764705883
GA5401_V,2838.3055214723927,19438.81512605042,79766.1724137931,3515.0434782608695,1542.9076923076923,2401.4307692307693,3250.6911764705883
GA5401_X,1303.9742331288344,8930.579831932773,36646.1724137931,1779.3188405797102,800.2,1129.753846153846,1205.8823529411766
GA5471_B,1107.4576687116564,7584.689075630252,31123.379310344826,1469.8695652173913,687.5076923076923,1035.8923076923077,1073.5735294117646
GA5471_C,427.3521472392638,2926.823529411765,12010.068965517241,530.7391304347826,250.98461538461538,388.46153846153845,501.4852941176471
GA5471_D,2470.80490797546,16921.899159663866,69438.13793103448,3542.695652173913,1875.0,1944.3384615384616,2185.5
GA5601_M,2716.1693251533743,18602.33613445378,76333.72413793103,1944.8840579710145,986.8153846153846,1944.0615384615385,4201.029411764706
GA5601_N,1308.9067484662576,8964.361344537816,36784.793103448275,1875.5507246376812,456.75384615384615,724.7846153846153,1776.014705882353
GA5601_P,2593.8601226993865,17764.67226890756,72896.41379310345,3387.840579710145,1478.3538461538462,2355.1846153846154,2801.1470588235293
GB0121_B,3363.79754601227,23037.7731092437,94534.31034482758,4046.057971014493,2075.4307692307693,2907.2153846153847,3718.6323529411766
GB0121_D,1060.074846625767,7260.176470588235,29791.758620689656,1298.2898550724638,800.6307692307693,785.9692307692308,1212.0
GB0141_U,846.280981595092,5795.957983193277,23783.41379310345,910.5797101449275,559.2923076923076,678.2,1044.8529411764705
GB0141_V,1351.1754601226994,9253.848739495797,37972.68965517241,1441.6666666666667,802.7846153846153,1243.076923076923,1556.8088235294117
GB0151_C,1431.758282208589,9805.73949579832,40237.34482758621,1834.9130434782608,736.6,1104.8615384615384,1556.8970588235295
GB0151_E,1655.3092024539878,11336.781512605043,46519.89655172414,2115.753623188406,774.1538461538462,1356.5230769230768,2018.8088235294117
GB0251_S,1197.4503067484663,8201.025210084033,33652.48275862069,1252.463768115942,940.0,1206.1384615384616,1266.5
GB0251_T,1959.3926380368098,13419.36974789916,55065.68965517241,3438.9710144927535,2450.5384615384614,1525.0153846153846,1600.985294117647
GB0301_A,2848.1693251533743,19506.36974789916,80043.37931034483,3478.2028985507245,1938.4,2556.0461538461536,3032.1323529411766
GB0301_D,1046.5730061349693,7167.705882352941,29412.310344827587,1397.6811594202898,869.7076923076924,979.8923076923077,966.0588235294117
GB0351_S,2821.008588957055,19320.352941176472,79280.06896551725,3162.057971014493,1385.7076923076922,2475.1384615384613,3322.779411764706
GB0351_T,874.322699386503,5988.008403361345,24571.48275862069,842.9420289855072,634.4923076923077,923.5846153846154,936.9705882352941
GB0401_V,2163.912883435583,14820.0756302521,60813.41379310345,2082.2753623188405,1933.0307692307692,2258.5538461538463,2132.0
GB0401_X,2319.2687116564416,15884.067226890757,65179.44827586207,2565.217391304348,1949.0615384615385,2648.2153846153847,2654.8382352941176
GB0501_A,705.240490797546,4830.008403361345,19819.689655172413,721.1594202898551,631.0461538461539,724.0615384615385,676.6470588235294
GB0601_B,693.4478527607362,4749.243697478992,19488.275862068964,731.7971014492754,397.5076923076923,407.4,969.0
GB0601_C,1209.638036809816,8284.495798319327,33995.0,1524.4057971014493,722.9384615384615,897.9076923076923,1481.7794117647059
GB0601_D,1400.7447852760736,9593.33613445378,39365.75862068965,1370.0434782608695,1254.4153846153847,1456.6923076923076,1367.9117647058824
GB0651_R,1867.20245398773,12787.98319327731,52474.8275862069,2032.3623188405797,1667.1846153846154,1947.7692307692307,1826.9264705882354
GB0651_T,2314.835582822086,15853.70588235294,65054.862068965514,2009.391304347826,1521.2153846153847,2265.492307692308,3269.1911764705883
GB0651_V,986.1288343558282,6753.73949579832,27713.620689655174,1462.7536231884058,588.0307692307692,885.3230769230769,819.4411764705883
GB0701_B,245.4441717791411,1680.9831932773109,6897.827586206897,347.15942028985506,76.41538461538461,276.5692307692308,258.9264705882353
GB0701_C,1991.7349693251533,13640.873949579833,55974.620689655174,2857.9565217391305,1035.553846153846,1745.0307692307692,1689.014705882353
GB0701_D,3413.7914110429447,23380.168067226892,95939.31034482758,3729.246376811594,3279.6,3115.2153846153847,2947.1323529411766
GB0751_S,1711.763190184049,11723.420168067227,48106.44827586207,1835.072463768116,1502.9076923076923,1705.3384615384616,1676.2205882352941
GB0751_T,2231.6208588957056,15283.789915966387,62716.24137931035,3067.8840579710145,1064.5384615384614,1699.1076923076923,2328.4411764705883
GB0751_V,2002.8907975460122,13717.27731092437,56288.137931034486,2098.144927536232,858.2,2144.892307692308,2025.4264705882354
GB1101_A,691.9288343558283,4738.8403361344535,19445.58620689655,875.9565217391304,663.2,551.1846153846154,549.8823529411765
GB1101_B,778.6625766871166,5332.857142857143,21883.103448275862,1152.5797101449275,530.0769230769231,458.0615384615385,1015.0588235294117
GB1101_C,597.8049079754601,4094.2100840336134,16800.379310344826,1044.3623188405797,561.7538461538461,391.38461538461536,463.52941176470586
GB1151_S,785.0233128834356,5376.420168067227,22061.862068965518,1033.8985507246377,905.2615384615384,889.8461538461538,383.44117647058823
GB1151_V,1492.3104294478528,10220.44537815126,41939.06896551724,1381.391304347826,1203.4153846153847,1354.7230769230769,1667.9117647058824
GB1271_B,845.8355828220859,5792.90756302521,23770.896551724138,1005.7246376811594,405.89230769230767,681.1538461538462,965.1323529411765
GB1271_D,2210.630674846626,15140.033613445377,62126.34482758621,2745.985507246377,1099.8307692307692,1757.5692307692307,2503.779411764706
GB1321_M,809.2920245398773,5542.63025210084,22743.896551724138,950.5942028985507,463.89230769230767,634.0153846153846,890.1617647058823
GB1351_A,834.5779141104294,5715.806722689075,23454.51724137931,1018.3478260869565,550.6307692307693,579.4153846153846,1002.5441176470588
GB1351_B,747.7018404907975,5120.81512605042,21013.0,984.9130434782609,467.2923076923077,561.123076923077,891.0735294117648
GB1351_C,830.1521472392639,5685.495798319328,23330.137931034482,886.6666666666666,407.2923076923077,691.9384615384615,1005.8676470588235
GB1351_D,987.6834355828221,6764.3865546218485,27757.310344827587,1146.159420289855,562.7076923076924,645.8,1177.8676470588234
GB1371_R,935.5828220858896,6407.563025210084,26293.103448275862,1134.4347826086957,630.9076923076923,644.6769230769231,1126.25
GB1371_S,874.7791411042945,5991.134453781513,24584.310344827587,1159.231884057971,514.5384615384615,539.276923076923,1183.3676470588234
GB1371_T,220.27361963190185,1508.5966386554621,6190.448275862069,296.18840579710144,90.92307692307692,78.13846153846154,430.3235294117647
GB1371_V,136.38159509202453,934.0420168067227,3832.793103448276,181.05797101449275,53.50769230769231,116.27692307692308,175.16176470588235
GB145A_R,1503.396319018405,10296.36974789916,42250.620689655174,1550.2028985507247,801.9692307692308,1091.076923076923,2024.7941176470588
GB1601_A,822.9411042944786,5636.109243697479,23127.48275862069,1008.2173913043479,486.9076923076923,634.9692307692308,969.9264705882352
GB1601_B,762.5582822085889,5222.563025210084,21430.51724137931,958.463768115942,515.2461538461539,557.2615384615384,938.8529411764706
GC0051_E,1032.8736196319019,7073.882352941177,29027.310344827587,1317.608695652174,446.03076923076924,733.5076923076923,1224.5441176470588
GC0051_F,235.22085889570553,1610.9663865546217,6610.517241379311,274.42028985507244,171.09230769230768,207.7846153846154,246.58823529411765
GC0051_G,589.241717791411,4035.563025210084,16559.724137931036,772.8260869565217,512.6923076923077,422.73846153846154,677.4705882352941
GC0151_A,1765.4196319018406,12090.899159663866,49614.379310344826,2412.217391304348,1644.5076923076922,1338.8307692307692,1525.1764705882354
GC0151_B,1055.0503067484663,7225.764705882353,29650.55172413793,1423.0,438.83076923076925,758.1846153846154,1267.6029411764705
GC0151_E,760.6993865030674,5209.83193277311,21378.275862068964,994.6231884057971,565.8615384615384,637.3692307692307,736.8529411764706
GC0271_A,762.4012269938651,5221.487394957983,21426.103448275862,998.6521739130435,444.0769230769231,592.2461538461539,891.0882352941177
GC0271_B,228.1680981595092,1562.6638655462184,6412.310344827586,293.95652173913044,191.90769230769232,169.33846153846153,338.04411764705884
GC0271_C,138.1877300613497,946.4117647058823,3883.551724137931,229.63768115942028,35.15384615384615,66.93846153846154,246.0735294117647
GC0271_D,880.7705521472393,6032.16806722689,24752.689655172413,1051.9855072463768,850.0153846153846,692.4769230769231,971.5441176470588
GC0301_R,368.7276073619632,2525.3193277310925,10362.51724137931,488.7391304347826,317.95384615384614,297.03076923076924,386.6029411764706
GC0301_S,706.4576687116564,4838.344537815126,19853.896551724138,930.9565217391304,447.2923076923077,556.0153846153846,817.3529411764706
GC0301_T,1931.806134969325,13230.436974789916,54290.41379310345,2450.608695652174,1748.0,1478.676923076923,1971.985294117647
GC0321_A,475.5251533742331,3256.747899159664,13363.896551724138,560.7536231884058,356.5846153846154,404.44615384615383,552.75
GC0321_B,791.6269938650307,5421.64705882353,22247.44827586207,1072.2028985507247,512.2307692307693,572.1846153846154,922.7794117647059
GC0321_F,336.3717791411043,2303.72268907563,9453.206896551725,408.72463768115944,261.9846153846154,274.83076923076925,338.1764705882353
GC1301_R,975.1128834355828,6678.294117647059,27404.03448275862,1446.3333333333333,493.44615384615383,644.5846153846154,1065.7205882352941
GC1301_S,817.6147239263804,5599.63025210084,22977.793103448275,1367.9565217391305,518.2615384615384,552.9076923076923,706.5
GC1301_T,780.2503067484663,5343.731092436975,21927.724137931036,881.5217391304348,568.723076923077,708.8923076923077,822.5735294117648
GC1351_A,620.2282208588957,4247.781512605042,17430.55172413793,701.9130434782609,370.2307692307692,468.0769230769231,777.7352941176471
GC1351_B,997.7337423312883,6833.218487394958,28039.758620689656,1265.144927536232,464.15384615384613,696.6461538461539,1205.2058823529412
GC155A_A,1594.5104294478529,10920.38655462185,44811.24137931035,2122.4927536231885,1430.8461538461538,1068.0615384615385,1830.3088235294117
GC1601_P,1184.163190184049,8110.0252100840335,33279.06896551724,1100.9710144927535,922.9538461538461,821.0307692307692,1130.1323529411766
GC1601_R,1718.5766871165645,11770.084033613446,48297.93103448276,2038.5072463768115,783.2461538461539,1335.5384615384614,1999.0588235294117
GC1601_S,1703.6515337423314,11667.865546218487,47878.48275862069,2086.0,884.4615384615385,1305.6307692307691,2020.1911764705883
GC1601_T,1127.9092024539877,7724.756302521008,31698.137931034482,1479.0289855072465,656.9384615384615,827.9230769230769,1112.514705882353
GC1621_A,728.2,4987.252100840336,20464.931034482757,1137.6666666666667,564.2153846153847,604.0769230769231,675.6323529411765
GC1621_B,955.3128834355829,6542.689075630252,26847.58620689655,1424.927536231884,812.4615384615385,723.876923076923,803.0147058823529
GC1621_F,1291.1496932515338,8842.747899159664,36285.75862068965,1745.1014492753623,912.1846153846154,949.6461538461539,1424.9558823529412
GC1631_R,1207.641717791411,8270.823529411764,33938.89655172414,1764.768115942029,878.5076923076923,875.9538461538461,1267.5441176470588
GC1631_W,406.5116564417178,2784.09243697479,11424.379310344828,371.3188405797101,315.9230769230769,324.2153846153846,565.0441176470588
GC168A_R,1903.082208588957,13033.714285714286,53483.1724137931,2170.7971014492755,1029.6307692307691,1520.3692307692309,2243.720588235294
GC168A_S,2056.1521472392637,14082.050420168067,57784.96551724138,2472.231884057971,961.0153846153846,1593.446153846154,2376.529411764706
GC1701_A,1836.7742331288343,12579.588235294117,51619.68965517241,2090.6376811594205,1025.9846153846154,1478.8923076923077,2196.073529411765
GC1701_B,1036.1312883435583,7096.193277310925,29118.862068965518,1240.2173913043478,521.276923076923,789.1076923076923,1178.3235294117646
GC1751_P,835.7067484662576,5723.53781512605,23486.241379310344,881.1884057971015,536.7692307692307,794.5076923076923,879.2647058823529
GC1751_R,1329.5055214723927,9105.436974789916,37363.68965517241,1487.2028985507247,613.8461538461538,978.1384615384616,1544.985294117647
GC1751_S,1353.1656441717791,9267.47899159664,38028.620689655174,1511.6666666666667,643.9230769230769,1109.5076923076922,1617.6764705882354
GC1751_T,1036.1460122699386,7096.294117647059,29119.275862068964,566.8550724637681,1135.9384615384615,1324.1538461538462,1171.0882352941176
GC180A_A,1224.598773006135,8386.957983193277,34415.44827586207,1439.7246376811595,641.1538461538462,1255.3692307692309,1420.8088235294117
GC180A_B,1811.0674846625766,12403.529411764706,50897.24137931035,2078.144927536232,983.0769230769231,1610.076923076923,2128.235294117647
GC185A_R,1555.4147239263805,10652.63025210084,43712.51724137931,1498.7391304347825,938.2615384615384,1345.553846153846,1878.2794117647059
GC185A_S,1544.3877300613497,10577.10924369748,43402.620689655174,1756.4782608695652,762.2923076923076,1343.0923076923077,1816.5882352941176
GC2331_A,1077.885889570552,7382.1596638655465,30292.310344827587,1280.4927536231885,501.18461538461537,941.5076923076923,1282.235294117647
GC2331_B,918.5276073619632,6290.756302521008,25813.793103448275,1241.9710144927535,527.9230769230769,703.876923076923,1001.3676470588235
GC2331_C,629.5889570552147,4311.890756302521,17693.620689655174,642.072463768116,323.75384615384615,686.4769230769231,714.4705882352941
GC2331_D,373.2564417177914,2556.3361344537816,10489.793103448275,531.8550724637681,289.0,293.10769230769233,335.70588235294116
GC4051_B,794.6343558282208,5442.243697478992,22331.96551724138,1061.8695652173913,561.7538461538461,646.2923076923076,909.2647058823529
GC4051_D,369.52269938650306,2530.764705882353,10384.862068965518,402.42028985507244,265.0153846153846,329.4,475.9264705882353
GC4101_V,711.8944785276074,4875.579831932773,20006.689655172413,1048.855072463768,254.86153846153846,680.123076923077,837.2058823529412
GC4151_A,292.63312883435583,2004.1680672268908,8224.0,428.81159420289856,164.41538461538462,214.04615384615386,369.95588235294116
GC4151_C,703.922699386503,4820.983193277311,19782.655172413793,934.3913043478261,448.4,545.8,839.8676470588235
GC4151_E,1775.0,12156.512605042017,49883.620689655174,2376.8985507246375,2079.123076923077,1645.446153846154,1420.75
GD005A_R,3181.2184049079756,21787.33613445378,89403.20689655172,3727.2608695652175,1778.3846153846155,2677.846153846154,3809.6029411764707
GD005A_S,1942.519018404908,13303.806722689076,54591.48275862069,2580.31884057971,1228.0307692307692,1868.8153846153846,1690.5294117647059
GD0101_A,2248.831901840491,15401.66386554622,63199.93103448276,2932.1739130434785,1313.4923076923078,1801.4,2438.8676470588234
GD0101_B,2132.921472392638,14607.823529411764,59942.44827586207,2903.0,1257.1846153846154,1982.4153846153847,1874.6911764705883
GD0151_R,2345.159509202454,16061.38655462185,65907.06896551725,2952.0,1309.8153846153846,1931.3384615384616,2601.8676470588234
GD0151_S,2316.6208588957056,15865.932773109243,65105.03448275862,3160.246376811594,1446.1846153846154,2016.6923076923076,2061.5882352941176
GD0201_R,2176.842944785276,14908.63025210084,61176.793103448275,2972.9565217391305,960.4,1968.923076923077,2375.6470588235293
GD0201_V,822.7680981595092,5634.924369747899,23122.620689655174,1110.0289855072465,706.8615384615384,579.1692307692308,887.3235294117648
GD025A_B,2469.0944785276074,16910.18487394958,69390.06896551725,3283.072463768116,1222.8153846153846,2041.4615384615386,2587.955882352941
GD030A_R,2198.7361963190183,15058.57142857143,61792.06896551724,2804.31884057971,1159.7230769230769,2049.6769230769232,2543.3382352941176
GD030A_S,3166.4306748466256,21686.058823529413,88987.62068965517,2886.246376811594,5197.569230769231,3536.769230769231,2674.5882352941176
GD0351_A,1539.1435582822087,10541.193277310924,43255.24137931035,1851.0869565217392,850.2461538461539,1365.7846153846153,1782.8088235294117
GD0351_C,1225.0969325153374,8390.36974789916,34429.44827586207,1360.231884057971,693.5076923076923,984.1692307692308,1477.6764705882354
GD0351_D,1823.198773006135,12486.61344537815,51238.1724137931,2122.1014492753625,910.4615384615385,1641.6923076923076,2053.8529411764707
GD0351_G,1002.1447852760737,6863.428571428572,28163.724137931036,1081.0434782608695,657.723076923077,925.0615384615385,1130.8088235294117
GD0451_R,1191.9730061349694,8163.512605042017,33498.55172413793,1521.9710144927535,841.5538461538462,1143.4769230769232,1102.6764705882354
GD0451_S,1488.9840490797546,10197.66386554622,41845.58620689655,1839.768115942029,785.7384615384616,1337.7230769230769,1592.985294117647
GD0451_T,500.65889570552145,3428.8823529411766,14070.241379310344,593.3913043478261,284.5846153846154,385.0,581.9852941176471
GD0451_V,261.45889570552146,1790.6638655462184,7347.896551724138,387.69565217391306,139.90769230769232,144.23076923076923,250.7941176470588
GD0501_B,1431.3840490797545,9803.176470588236,40226.8275862069,1733.5072463768115,839.7076923076924,1270.6,1559.0882352941176
GD0501_C,1819.6515337423314,12462.319327731093,51138.48275862069,2187.710144927536,789.4,1712.0307692307692,1922.1911764705883
GD0501_D,895.1595092024539,6130.714285714285,25157.068965517243,1085.8260869565217,561.7076923076924,906.7076923076924,828.0147058823529
GD0551_R,1590.4171779141104,10892.35294117647,44696.206896551725,1941.1739130434783,938.7384615384616,1446.9384615384615,1655.3235294117646
GD0551_S,1395.033128834356,9554.218487394957,39205.24137931035,1668.231884057971,762.1846153846154,1357.446153846154,1505.5294117647059
GD0551_V,413.70429447852763,2833.3529411764707,11626.51724137931,508.6666666666667,322.73846153846154,400.33846153846156,384.47058823529414
GD0551_W,635.3656441717792,4351.453781512605,17855.96551724138,724.4202898550725,473.61538461538464,574.3230769230769,666.4411764705883
GD0601_A,1543.1496932515338,10568.63025210084,43367.8275862069,1930.2753623188405,805.0307692307692,1397.2923076923078,1742.5
GD0601_B,1536.2134969325152,10521.126050420167,43172.89655172414,1822.159420289855,1090.8153846153846,1267.6153846153845,1507.0588235294117
GD0601_D,730.3374233128834,5001.890756302521,20525.0,950.8840579710145,318.89230769230767,639.8,818.0588235294117
GD0651_R,2125.8957055214723,14559.70588235294,59745.0,2418.31884057971,1128.4769230769232,2039.123076923077,2246.073529411765
GD0651_S,2392.8576687116565,16388.058823529413,67247.55172413793,2876.5072463768115,1342.7076923076922,2203.5692307692307,2520.6029411764707
GD0671_A,2178.3558282208587,14918.991596638656,61219.31034482759,2417.6376811594205,993.1384615384616,1837.076923076923,3185.3676470588234
GD0671_B,2369.277300613497,16226.563025210084,66584.86206896552,2918.449275362319,1109.3538461538462,2195.3230769230768,2597.3823529411766
GD0801_A,3926.7791411042945,26893.48739495798,110356.03448275862,5129.463768115942,3545.076923076923,4362.307692307692,2753.9117647058824
GD0801_C,578.0932515337423,3959.2100840336134,16246.413793103447,606.0579710144928,393.6923076923077,581.3692307692307,629.0882352941177
GD1001_R,883.7742331288343,6052.73949579832,24837.103448275862,933.8260869565217,459.0615384615385,848.3230769230769,920.2794117647059
GD1001_S,1154.0257668711656,7903.621848739495,32432.103448275862,1408.8985507246377,486.15384615384613,1011.0923076923077,1239.4117647058824
GD1001_T,1953.7877300613497,13380.98319327731,54908.1724137931,2295.855072463768,1031.9538461538461,1594.6461538461538,2294.9117647058824
GD1151_R,1295.555828220859,8872.9243697479,36409.58620689655,1571.840579710145,522.3846153846154,1129.8461538461538,1491.0735294117646
GD1151_S,1766.8527607361964,12100.714285714286,49654.65517241379,1803.304347826087,1167.5230769230768,1761.2615384615385,1872.9558823529412
GD1351_Q,771.2196319018404,5281.882352941177,21673.931034482757,903.8405797101449,479.10769230769233,644.9846153846154,856.2941176470588
GD1351_R,5170.179141104294,35409.21008403361,145299.8620689655,5901.231884057971,3883.107692307692,3934.8307692307694,4947.205882352941
GD1351_U,578.2233128834356,3960.1008403361343,16250.068965517241,694.5072463768116,399.03076923076924,487.1384615384615,645.9705882352941
GD1351_Y,2875.19754601227,19691.47899159664,80802.96551724138,3539.4202898550725,1347.7230769230769,2004.6615384615384,3301.044117647059
GD1451_F,666.7263803680981,4566.235294117647,18737.310344827587,819.695652173913,453.7076923076923,635.5076923076923,763.1470588235294
GD1501_A,4272.531288343558,29261.453781512606,120072.86206896552,4983.478260869565,2984.507692307692,3529.4307692307693,5145.044117647059
GD200A_R,935.2196319018404,6405.075630252101,26282.896551724138,999.6086956521739,444.38461538461536,855.2,1150.014705882353
GD200A_S,1272.7546012269938,8716.764705882353,35768.793103448275,1398.6376811594203,634.9076923076923,1187.553846153846,1410.8382352941176
GD205A_A,1067.3484662576686,7309.991596638655,29996.172413793105,1174.7391304347825,714.8461538461538,898.9384615384615,1377.1176470588234
GD205A_B,1457.683435582822,9983.29411764706,40965.93103448276,1590.2463768115942,740.1076923076923,1318.9692307692308,1667.3970588235295
GD207A_S,402.44539877300616,2756.2436974789916,11310.103448275862,486.0289855072464,244.44615384615383,361.6923076923077,404.86764705882354
GD210A_A,945.9398773006135,6478.495798319328,26584.172413793105,1068.1739130434783,705.3692307692307,917.1538461538462,964.2941176470588
GD2151_P,612.0306748466257,4191.638655462185,17200.172413793105,901.5652173913044,547.2461538461539,392.6461538461538,606.4264705882352
GD2151_R,1602.114110429448,10972.46218487395,45024.93103448276,1949.2898550724638,711.1384615384616,1373.0923076923077,1726.25
GD2151_S,1182.4269938650307,8098.134453781513,33230.275862068964,1090.536231884058,648.0923076923077,798.1692307692308,3731.3088235294117
GD217A_A,1842.6196319018404,12619.621848739496,51783.96551724138,2204.521739130435,861.276923076923,1620.0153846153846,2026.3823529411766
GD217A_B,1862.3361963190184,12754.655462184874,52338.06896551724,2203.31884057971,1361.1692307692308,1537.0615384615385,1975.9705882352941
GD2251_R,2163.2220858895707,14815.344537815126,60794.0,2670.5072463768115,1042.2769230769231,1944.0,2321.323529411765
GD2251_S,1569.0368098159508,10745.9243697479,44095.34482758621,1787.4202898550725,950.5846153846154,1282.9384615384615,1692.4411764705883
GD2301_A,1787.2957055214724,12240.72268907563,50229.1724137931,1207.3623188405797,731.1076923076923,1585.9076923076923,2303.073529411765
GD2301_B,1868.0453987730061,12793.75630252101,52498.51724137931,2489.753623188406,809.5538461538462,1625.5384615384614,1710.9705882352941
GD2301_C,823.5680981595092,5640.403361344538,23145.103448275862,947.4927536231884,357.3692307692308,625.3538461538461,992.7647058823529
GD2301_D,1210.2920245398773,8288.974789915967,34013.379310344826,1266.0579710144928,610.4769230769231,1059.1076923076923,1440.4411764705883
GD237A_S,2588.472392638037,17727.7731092437,72745.0,3086.8695652173915,1308.0307692307692,2234.230769230769,2812.3088235294117
GD310A_R,1539.403680981595,10542.974789915967,43262.55172413793,1957.0144927536232,833.6769230769231,1267.4923076923078,1624.4117647058824
GE0101_A,1486.1644171779142,10178.35294117647,41766.34482758621,1697.6521739130435,786.0461538461539,1345.7076923076922,1639.5735294117646
GE0101_B,694.5067484662577,4756.495798319328,19518.03448275862,716.304347826087,347.75384615384615,510.9846153846154,1517.1911764705883
GE0101_C,898.0196319018405,6150.302521008403,25237.44827586207,1040.7246376811595,544.0,829.0923076923077,1005.1029411764706
GE0271_A,2411.829447852761,16517.991596638654,67780.72413793103,2666.0289855072465,1477.3384615384616,2108.1846153846154,2695.264705882353
GE0271_C,1851.2073619631901,12678.436974789916,52025.31034482759,2228.1739130434785,1256.1384615384616,1555.553846153846,2193.4117647058824
GE0271_D,647.3558282208589,4433.571428571428,18192.931034482757,766.536231884058,445.84615384615387,539.876923076923,768.5882352941177
GE0301_R,1928.435582822086,13207.35294117647,54195.68965517241,2131.014492753623,1223.8307692307692,1514.8461538461538,2311.970588235294
GE0301_S,1203.234355828221,8240.638655462184,33815.03448275862,1388.9565217391305,720.1076923076923,1104.6461538461538,1286.6617647058824
GE0301_T,2039.880981595092,13970.61344537815,57327.68965517241,2246.217391304348,1338.3384615384616,1787.3384615384616,2223.985294117647
GE0301_V,1056.4196319018406,7235.142857142857,29689.03448275862,1087.4927536231885,717.876923076923,953.4307692307692,1189.8235294117646
GE032A_A,1752.4907975460123,12002.35294117647,49251.03448275862,1872.6811594202898,1240.0923076923077,1588.9384615384615,1639.8970588235295
GE032A_B,2002.4294478527606,13714.117647058823,56275.1724137931,2305.014492753623,1115.3538461538462,1681.2153846153847,2228.5882352941176
GE052A_A,1410.5116564417178,9660.226890756303,39640.24137931035,1579.304347826087,796.3846153846154,1340.4923076923078,1332.5882352941176
GE052A_B,1738.3447852760737,11905.470588235294,48853.48275862069,1715.0434782608695,1153.4,1439.1692307692308,1545.5441176470588
GE2151_R,810.003680981595,5547.504201680672,22763.896551724138,885.2898550724638,447.24615384615385,718.3538461538461,920.25
GE2151_T,1837.4920245398773,12584.504201680673,51639.862068965514,2345.3478260869565,1411.5692307692307,1626.4769230769232,1915.3235294117646
GE2151_V,1985.9742331288344,13601.420168067227,55812.724137931036,2365.3333333333335,1082.076923076923,1846.4153846153847,2141.25
GE222A_B,860.6282208588957,5894.218487394958,24186.620689655174,1839.2028985507247,551.4,533.3384615384615,816.8823529411765
GE2301_A,937.3926380368098,6419.957983193277,26343.96551724138,878.8985507246376,678.5692307692308,925.7384615384616,1070.6764705882354
GE2301_D,1308.4944785276073,8961.53781512605,36773.206896551725,1376.4347826086957,1068.6,1277.3846153846155,1414.235294117647
GF205A_V,695.2110429447853,4761.319327731092,19537.827586206895,780.4057971014493,460.10769230769233,653.8461538461538,770.1176470588235
GF210A_C,649.0674846625767,4445.294117647059,18241.03448275862,738.2028985507246,413.6461538461538,589.5384615384615,723.0441176470588
GF210A_D,1204.515337423313,8249.411764705883,33851.03448275862,1481.5942028985507,662.4923076923077,1107.8153846153846,1189.3088235294117
GF215A_T,1100.5533742331288,7537.403361344538,30929.344827586207,1235.4057971014493,622.8615384615384,895.4307692307692,1267.6176470588234
GG015A_A,1638.239263803681,11219.873949579833,46040.1724137931,1836.0,1468.8153846153846,1312.9692307692308,1662.7794117647059
GG015A_B,1283.9398773006135,8793.36974789916,36083.137931034486,1579.4782608695652,636.6923076923077,1069.1846153846154,1476.6617647058824
GG0171_R,1875.7754601226993,12846.697478991597,52715.75862068965,2395.1739130434785,2161.6615384615384,1380.2307692307693,1773.2941176470588
GG0171_S,1525.1975460122699,10445.680672268907,42863.31034482759,1725.855072463768,1324.923076923077,1269.1076923076923,1693.9264705882354
GG0171_T,1268.798773006135,8689.672268907563,35657.620689655174,1331.4927536231885,766.2923076923076,1139.0153846153846,1318.2794117647059
GG0251_A,2013.4907975460123,13789.873949579833,56586.03448275862,2403.0289855072465,1130.4615384615386,1756.7692307692307,2028.4558823529412
GG0251_C,1075.0122699386502,7362.4789915966385,30211.55172413793,1269.4782608695652,933.0615384615385,852.9538461538461,863.1617647058823
GG030A_R,2795.5042944785278,19145.680672268907,78563.31034482758,3333.855072463768,1693.5692307692307,2426.2615384615383,3220.705882352941
GG030A_S,2075.555828220859,14214.941176470587,58330.275862068964,2451.4057971014495,1933.0923076923077,1684.6615384615384,2057.5882352941176
GG0351_B,1085.2785276073619,7432.789915966387,30500.068965517243,1292.7536231884058,703.7538461538461,894.6153846153846,1161.2205882352941
GG0351_D,1812.038036809816,12410.176470588236,50924.51724137931,2295.5942028985505,981.9076923076923,1562.5230769230768,2134.3823529411766
GG0401_S,765.3889570552147,5241.949579831933,21510.068965517243,796.536231884058,674.6307692307693,804.5076923076923,677.2794117647059
GG0401_T,998.7092024539877,6839.899159663865,28067.172413793105,1161.4782608695652,562.876923076923,816.0307692307692,1091.7941176470588
GG0401_V,693.4036809815951,4748.941176470588,19487.03448275862,780.1159420289855,417.38461538461536,587.0461538461539,760.6470588235294
GG0951_B,865.1521472392639,5925.201680672269,24313.758620689656,1018.231884057971,462.7076923076923,728.5384615384615,976.9264705882352
GG0951_C,1024.163190184049,7014.226890756303,28782.51724137931,1150.1304347826087,518.4307692307692,860.276923076923,1194.1470588235295
GG0951_D,1077.6674846625767,7380.663865546218,30286.172413793105,1184.2173913043478,660.5384615384615,963.0307692307692,1165.0735294117646
GG1201_A,907.3496932515337,6214.201680672269,25499.655172413793,1124.4927536231885,489.89230769230767,760.6153846153846,1013.3823529411765
GG1201_B,1015.8625766871165,6957.378151260505,28549.241379310344,787.3623188405797,682.9692307692308,877.8923076923077,1318.3970588235295
GG2001_R,469.66625766871164,3216.621848739496,13199.241379310344,696.8550724637681,476.24615384615385,311.9846153846154,477.8382352941176
GG2001_S,628.1644171779141,4302.134453781513,17653.58620689655,935.2608695652174,495.1384615384615,416.0615384615385,657.6176470588235
GG2001_V,129.10920245398773,884.2352941176471,3628.4137931034484,123.66666666666667,105.26153846153846,120.76923076923077,139.02941176470588
GG2021_A,513.4736196319019,3516.6470588235293,14430.379310344828,686.927536231884,497.12307692307695,374.8615384615385,527.8235294117648
GG2021_C,229.5239263803681,1571.9495798319329,6450.413793103448,293.27536231884056,155.72307692307692,176.15384615384616,246.75
GG2051_R,923.2319018404908,6322.9747899159665,25946.0,1016.304347826087,854.2615384615384,862.0,937.5294117647059
GG2051_T,364.86134969325155,2498.840336134454,10253.862068965518,387.6231884057971,350.4,303.2923076923077,355.19117647058823
GG2051_W,1668.6122699386503,11427.89075630252,46893.75862068965,2268.4057971014495,2005.3538461538462,845.723076923077,1055.2794117647059
GG2151_R,968.0601226993865,6629.991596638655,27205.827586206895,1165.7391304347825,514.5384615384615,804.6461538461539,1263.4411764705883
GG2151_S,1577.239263803681,10802.100840336134,44325.862068965514,1910.5797101449275,797.1846153846154,1282.7384615384615,1748.2794117647059
GG220A_A,1482.798773006135,10155.302521008403,41671.75862068965,1892.2173913043478,848.4,1273.3384615384616,1569.014705882353
GG220A_B,1351.314110429448,9254.79831932773,37976.58620689655,1632.7971014492753,773.876923076923,1137.876923076923,1464.8235294117646
GG225A_S,1490.1656441717791,10205.75630252101,41878.793103448275,1818.304347826087,811.876923076923,1226.2769230769231,1668.1323529411766
GG230A_A,2252.849079754601,15429.176470588236,63312.8275862069,3687.449275362319,2723.753846153846,1353.4769230769232,1972.2941176470588
GG230A_B,1804.001226993865,12355.134453781513,50698.65517241379,1919.9130434782608,1333.1846153846154,1660.6153846153845,1949.8676470588234
GG2351_R,1038.7141104294478,7113.882352941177,29191.44827586207,1234.9565217391305,624.723076923077,931.3846153846154,1112.5735294117646
GG2351_S,1408.4748466257668,9646.27731092437,39583.0,1721.5942028985507,983.2923076923076,1239.9846153846154,1439.8382352941176
GG2351_T,1664.8736196319019,11402.285714285714,46788.68965517241,1699.8985507246377,855.0615384615385,1624.9076923076923,1890.7205882352941
GG2351_V,1000.4294478527607,6851.680672268908,28115.51724137931,977.6086956521739,575.6615384615385,925.0307692307692,1113.7058823529412
GG240A_B,933.4993865030675,6393.294117647059,26234.55172413793,940.2463768115942,459.55384615384617,680.2,819.9264705882352
GG2571_R,1557.2294478527608,10665.058823529413,43763.51724137931,747.6521739130435,978.8,1650.0615384615385,2120.029411764706
GG2571_S,1966.806134969325,13470.142857142857,55274.03448275862,2259.695652173913,842.6,1575.2153846153847,2333.6911764705883
GG2571_V,715.9496932515337,4903.35294117647,20120.655172413793,827.7536231884058,333.7846153846154,605.0153846153846,798.7205882352941
GG2571_W,759.7693251533742,5203.46218487395,21352.137931034482,841.3768115942029,300.46153846153845,642.6769230769231,923.8088235294117
GG2581_A,1868.4490797546011,12796.52100840336,52509.862068965514,2147.0,1029.6307692307691,1599.3076923076924,2116.3823529411766
GG2581_C,1202.0564417177914,8232.57142857143,33781.93103448276,1248.4057971014493,876.9846153846154,1190.923076923077,1250.1029411764705
GG2621_A,591.1239263803681,4048.453781512605,16612.620689655174,706.2028985507246,333.5076923076923,462.53846153846155,701.0147058823529
GG2621_C,760.3165644171779,5207.210084033613,21367.51724137931,871.1159420289855,440.0153846153846,682.9846153846154,852.2647058823529
GG2621_D,579.6282208588957,3969.72268907563,16289.551724137931,632.5652173913044,415.81538461538463,523.9230769230769,620.7647058823529
GG267A_A,874.160736196319,5986.899159663865,24566.931034482757,1002.2753623188406,608.6615384615385,722.3692307692307,889.9411764705883
GG267A_B,949.0061349693251,6499.495798319328,26670.344827586207,1011.7391304347826,725.2923076923076,817.8923076923077,1051.5294117647059
GG268A_R,1328.0539877300614,9095.495798319327,37322.89655172414,1347.2463768115942,1145.0615384615385,1155.876923076923,1533.6911764705883
GG268A_S,704.1153374233129,4822.302521008403,19788.068965517243,763.3768115942029,501.9384615384615,663.3230769230769,752.6470588235294
GG2701_A,883.2957055214724,6049.46218487395,24823.655172413793,979.304347826087,635.6,796.6615384615385,969.1911764705883
GG2701_B,1371.3668711656442,9392.134453781513,38540.137931034486,1431.3188405797102,1174.5384615384614,1295.6923076923076,1364.2058823529412
GG2701_D,714.9582822085889,4896.563025210084,20092.793103448275,847.8840579710145,717.9230769230769,614.1384615384616,650.4558823529412
GG272A_R,1242.0613496932515,8506.55462184874,34906.206896551725,1376.5507246376812,1029.076923076923,1064.0,1263.0588235294117
GG272A_S,1219.2098159509203,8350.050420168067,34264.0,1354.0289855072465,907.6461538461539,1031.7692307692307,1372.9558823529412
GG280A_R,1125.8662576687116,7710.764705882353,31640.724137931036,1293.2753623188405,1166.0615384615385,771.4769230769231,1076.3382352941176
GG280A_S,1176.4981595092024,8057.529411764706,33063.65517241379,1188.4347826086957,1104.3384615384616,947.0769230769231,1029.9264705882354
GG2951_R,866.4564417177914,5934.134453781513,24350.41379310345,1149.695652173913,822.6769230769231,640.4,835.1176470588235
GG2951_S,1269.763190184049,8696.27731092437,35684.724137931036,1599.7536231884058,1177.0923076923077,1049.0923076923077,1115.5
GG2951_T,1252.1779141104294,8575.840336134454,35190.51724137931,1302.7101449275362,1071.323076923077,1178.4153846153847,1384.8382352941176
GG2951_V,837.7361963190184,5737.436974789916,23543.275862068964,1003.5217391304348,693.723076923077,687.4769230769231,887.5294117647059
GG3001_A,1005.3128834355829,6885.126050420168,28252.758620689656,1099.0434782608695,841.1846153846154,881.1846153846154,1071.5588235294117
GG3001_B,1039.0662576687116,7116.294117647059,29201.344827586207,545.7246376811594,846.9692307692308,970.1846153846154,1264.4558823529412
GH0101_A,798.6257668711656,5469.579831932773,22444.137931034482,1036.0144927536232,384.3692307692308,567.876923076923,899.3529411764706
GH0101_B,1158.831901840491,7936.53781512605,32567.172413793105,1363.376811594203,711.4615384615385,950.9076923076923,1236.1176470588234
GH0151_R,926.7779141104295,6347.26050420168,26045.655172413793,1360.608695652174,531.9076923076923,822.6,849.1617647058823
GH0151_S,985.4,6748.747899159664,27693.137931034482,1113.8840579710145,710.723076923077,631.4769230769231,1065.8823529411766
GH0151_T,658.4282208588957,4509.403361344538,18504.103448275862,978.5072463768116,419.5692307692308,603.0461538461539,618.9264705882352
GH0151_V,758.7533742331289,5196.504201680672,21323.58620689655,959.4492753623189,441.9076923076923,670.3846153846154,827.2941176470588
GH020A_A,1182.3386503067484,8097.529411764706,33227.793103448275,1577.7971014492753,706.4769230769231,981.2461538461539,1296.3235294117646
GH020A_B,1219.436809815951,8351.605042016807,34270.379310344826,1401.3623188405797,808.6923076923077,1237.5230769230768,1183.6470588235295
GH025A_S,1180.1447852760737,8082.504201680672,33166.137931034486,1730.4927536231885,729.876923076923,1027.9692307692308,1062.8235294117646
GH0301_A,1412.0723926380367,9670.915966386554,39684.10344827586,1783.4057971014493,865.2307692307693,1087.676923076923,1469.7794117647059
GH0301_B,1338.7423312883436,9168.697478991597,37623.275862068964,2036.1884057971015,708.8,1082.8307692307692,1314.9117647058824
GH0301_C,1002.5779141104294,6866.394957983193,28175.896551724138,1031.144927536232,544.723076923077,930.2,1125.8529411764705
GH0301_D,1067.078527607362,7308.142857142857,29988.58620689655,1264.7101449275362,596.6,967.8461538461538,1211.264705882353
GH0401_S,748.7263803680981,5127.83193277311,21041.793103448275,829.8550724637681,562.3692307692307,706.0615384615385,753.6029411764706
GH0401_T,1143.79754601227,7833.571428571428,32144.655172413793,1578.231884057971,637.2,912.3384615384615,1207.6470588235295
GH0401_V,662.8319018404908,4539.563025210084,18627.862068965518,781.1449275362319,368.2153846153846,594.4769230769231,814.7941176470588
GH050A_S,1165.3361963190184,7981.084033613445,32749.96551724138,1840.2898550724638,591.876923076923,927.3846153846154,1219.1176470588234
GH1001_A,741.7067484662576,5079.756302521008,20844.51724137931,1640.3623188405797,300.67692307692306,502.33846153846156,755.0294117647059
GH1001_B,665.5693251533743,4558.310924369748,18704.793103448275,865.6521739130435,431.5076923076923,569.0615384615385,703.9705882352941
GH1001_C,423.48588957055216,2900.344537815126,11901.413793103447,431.1304347826087,228.41538461538462,395.15384615384613,481.25
GH1001_D,460.8969325153374,3156.563025210084,12952.793103448275,647.6231884057971,245.93846153846152,392.55384615384617,482.0147058823529
GH1001_E,862.6294478527608,5907.924369747899,24242.862068965518,910.6811594202899,524.2461538461539,783.0,958.8823529411765
GH1021_R,975.8085889570552,6683.058823529412,27423.58620689655,1258.6376811594203,646.4615384615385,794.5384615384615,1050.3382352941176
GH1021_S,550.7361963190184,3771.8487394957983,15477.586206896553,710.0434782608696,390.66153846153844,478.16923076923075,574.2647058823529
GH1051_A,680.7717791411043,4662.428571428572,19132.03448275862,975.8840579710145,392.0769230769231,576.3538461538461,703.6911764705883
GH1051_B,2107.2687116564416,14432.134453781513,59221.51724137931,1757.0144927536232,1749.5846153846153,1837.0307692307692,1944.8382352941176
GH1051_C,780.1276073619632,5342.890756302521,21924.275862068964,869.7101449275362,639.0153846153846,700.3230769230769,729.3676470588235
GH1051_D,710.5619631901841,4866.453781512605,19969.241379310344,858.072463768116,465.2307692307692,599.3846153846154,791.3382352941177
GH1051_E,994.6294478527608,6811.957983193277,27952.51724137931,1126.2898550724638,774.0307692307692,868.1846153846154,1041.764705882353
GH2151_B,644.9730061349693,4417.252100840336,18125.96551724138,446.9710144927536,378.24615384615385,554.0461538461539,810.2941176470588
GH2151_C,698.9754601226994,4787.100840336135,19643.620689655174,401.2463768115942,433.7076923076923,672.2923076923076,857.1911764705883
GH2201_S,541.442944785276,3708.201680672269,15216.413793103447,564.231884057971,340.66153846153844,311.2,755.3970588235294
GH2201_T,779.5963190184049,5339.252100840336,21909.344827586207,1165.0144927536232,508.32307692307694,676.2923076923076,728.2794117647059
GH2201_V,556.2061349693251,3809.3109243697477,15631.310344827587,910.5072463768116,407.66153846153844,401.61538461538464,586.3970588235294
GH2621_A,1356.277300613497,9288.789915966387,38116.06896551724,1338.4927536231885,1053.1076923076923,1318.8923076923077,1443.2205882352941
GH2671_R,1169.3398773006136,8008.504201680672,32862.48275862069,1184.6666666666667,765.0923076923077,1009.0,1384.3823529411766
GH2671_S,1004.0858895705521,6876.72268907563,28218.275862068964,1053.9855072463768,628.6923076923077,812.7692307692307,1288.1029411764705
GH3051_A,683.161963190184,4678.798319327731,19199.206896551725,810.3768115942029,390.5230769230769,527.2615384615384,797.1911764705883
GH3051_B,482.7435582822086,3306.18487394958,13566.758620689656,751.6086956521739,271.38461538461536,349.95384615384614,561.4852941176471
GH3051_C,1206.7963190184048,8265.033613445377,33915.137931034486,1620.1304347826087,638.1538461538462,979.7692307692307,1368.014705882353
GH3051_D,678.036809815951,4643.697478991597,19055.172413793105,1054.840579710145,503.38461538461536,511.2923076923077,735.4411764705883
GH3101_R,244.25398773006134,1672.8319327731092,6864.379310344828,258.4782608695652,153.6,242.46153846153845,256.63235294117646
GH3101_S,525.1300613496933,3596.4789915966385,14757.965517241379,782.0434782608696,438.4,337.7230769230769,620.6911764705883
GH3101_V,777.4920245398773,5324.8403361344535,21850.206896551725,1052.376811594203,404.3692307692308,626.1692307692308,953.9852941176471
GH312A_D,1274.5104294478529,8728.789915966387,35818.137931034486,1478.8840579710145,884.8,1021.7384615384616,1419.1911764705883
GH3171_C,605.2638036809816,4145.294117647059,17010.0,665.2753623188406,401.03076923076924,561.8,683.8823529411765
GH3171_D,723.0294478527608,4951.8403361344535,20319.620689655174,974.3623188405797,385.2307692307692,637.4615384615385,815.4264705882352
GH3171_G,206.039263803681,1411.109243697479,5790.413793103448,213.82608695652175,127.0,219.96923076923076,218.0735294117647
GH320A_B,745.4760736196318,5105.571428571428,20950.44827586207,1014.0,439.38461538461536,641.9846153846154,779.9264705882352
GH3251_R,571.7803680981596,3915.9747899159665,16069.0,649.7826086956521,312.2153846153846,517.6923076923077,627.4558823529412
GH3251_T,444.560736196319,3044.6806722689075,12493.689655172413,454.39130434782606,277.61538461538464,402.15384615384613,537.6176470588235
GH3251_V,718.7030674846626,4922.210084033613,20198.03448275862,718.7246376811594,467.46153846153845,710.3692307692307,778.8529411764706
GH3251_W,207.57055214723925,1421.5966386554621,5833.448275862069,215.6231884057971,124.03076923076924,190.8923076923077,230.11764705882354
GH3271_K,763.8171779141104,5231.18487394958,21465.896551724138,1046.4202898550725,478.0153846153846,694.8461538461538,714.0441176470588
GH3271_L,1464.7067484662577,10031.394957983193,41163.31034482759,1663.144927536232,779.6461538461539,1370.3384615384616,1656.8382352941176
GH3271_M,627.721472392638,4299.100840336135,17641.137931034482,803.2898550724638,358.4,589.5538461538462,739.9705882352941
GH3271_N,402.14601226993864,2754.1932773109243,11301.689655172413,628.5652173913044,299.12307692307695,268.0,425.80882352941177
GH3301_A,1106.99754601227,7581.53781512605,31110.44827586207,1279.1304347826087,588.8307692307692,976.6615384615385,1193.4117647058824
GH3301_B,974.9472392638037,6677.1596638655465,27399.379310344826,1066.2173913043478,480.61538461538464,909.123076923077,1132.264705882353
GH3301_D,918.5398773006135,6290.8403361344535,25814.137931034482,943.7826086956521,723.5692307692308,599.3384615384615,1182.8529411764705
GH335A_R,1138.758282208589,7799.058823529412,32003.03448275862,1254.1304347826087,655.0307692307692,1012.6153846153846,1229.5294117647059
GH335A_S,1488.798773006135,10196.394957983193,41840.379310344826,1660.159420289855,854.0923076923077,1372.7076923076922,1651.6911764705883
GH340A_T,453.2269938650307,3104.0336134453783,12737.241379310344,676.5652173913044,287.16923076923075,369.4307692307692,485.13235294117646
GH3451_K,451.1668711656442,3089.924369747899,12679.344827586207,491.6231884057971,348.3076923076923,394.24615384615385,501.3529411764706
GH3451_L,149.61349693251535,1024.6638655462184,4204.6551724137935,254.30434782608697,39.93846153846154,83.44615384615385,179.51470588235293
GH3451_M,359.29447852760734,2460.714285714286,10097.413793103447,499.9710144927536,295.75384615384615,292.6923076923077,416.1029411764706
GH3451_N,597.8036809815951,4094.201680672269,16800.344827586207,893.4492753623189,430.95384615384614,455.95384615384614,601.7058823529412
GI0301_T,936.4233128834355,6413.319327731092,26316.724137931036,1086.7391304347825,690.0,766.3076923076923,947.0
GI0401_S,1778.7472392638037,12182.176470588236,49988.93103448276,2101.014492753623,893.7076923076924,1579.753846153846,2028.4117647058824
GI1571_A,1141.844171779141,7820.193277310925,32089.758620689656,865.0,650.2461538461539,940.5230769230769,1280.3382352941176
GI1571_C,850.3533742331289,5823.848739495798,23897.862068965518,890.9855072463768,568.4,782.6461538461539,922.3088235294117
GI1571_D,1037.235582822086,7103.756302521008,29149.896551724138,1208.840579710145,684.6923076923077,955.6461538461539,1061.7794117647059
GJ011A_V,1042.1325153374232,7137.294117647059,29287.51724137931,1599.159420289855,613.4153846153846,822.0923076923077,909.9264705882352
GJ0131_C,2806.9055214723926,19223.764705882353,78883.72413793103,3189.8115942028985,1783.8615384615384,2253.0307692307692,3176.544117647059
GJ0131_D,1134.4245398773005,7769.378151260505,31881.241379310344,1414.768115942029,682.1846153846154,917.7692307692307,1285.0
GJ0141_T,1330.4466257668712,9111.882352941177,37390.137931034486,1566.391304347826,700.2307692307693,1128.0461538461539,1462.735294117647
GJ0151_A,1161.2588957055216,7953.1596638655465,32635.379310344826,1257.3478260869565,657.6,1038.3846153846155,1304.3823529411766
GJ0151_B,1040.001226993865,7122.697478991597,29227.620689655174,57.47826086956522,637.2923076923076,888.0307692307692,1323.4117647058824
GJ0151_C,843.2453987730062,5775.16806722689,23698.103448275862,1272.1884057971015,435.0,670.7846153846153,701.5441176470588
GJ0151_H,947.8773006134969,6491.764705882353,26638.620689655174,43.710144927536234,826.123076923077,999.6307692307693,1077.6764705882354
GJ0161_L,335.6429447852761,2298.731092436975,9432.724137931034,346.7536231884058,231.90769230769232,373.9384615384615,385.8970588235294
GJ0161_M,1553.398773006135,10638.823529411764,43655.862068965514,1820.7536231884058,1065.8153846153846,1330.7692307692307,1730.4117647058824
GJ0161_N,582.4245398773006,3988.873949579832,16368.137931034482,653.0869565217391,387.9384615384615,569.2923076923076,633.8823529411765
GJ0161_P,1035.3852760736197,7091.084033613445,29097.896551724138,1215.4057971014493,642.3692307692307,956.2,1192.1323529411766
GJ0161_Q,920.3779141104294,6303.428571428572,25865.793103448275,997.9710144927536,689.3076923076923,813.7076923076924,1202.5882352941176
GJ0171_A,1931.6957055214723,13229.680672268907,54287.31034482759,2221.521739130435,1298.7692307692307,1715.5076923076922,2111.6029411764707
GJ0171_B,922.3607361963191,6317.008403361345,25921.51724137931,1228.8985507246377,540.6307692307693,763.0923076923077,1033.6029411764705
GJ0171_D,1741.0895705521473,11924.268907563026,48930.620689655174,1829.6376811594203,1568.1692307692308,1800.2307692307693,1663.3676470588234
GJ025A_C,2110.5460122699387,14454.579831932773,59313.620689655174,2424.855072463768,1154.1076923076923,1669.2,2408.176470588235
GJ0301_R,457.9079754601227,3136.09243697479,12868.793103448275,563.9130434782609,287.12307692307695,393.46153846153845,447.22058823529414
GJ0301_S,1075.563190184049,7366.252100840336,30227.03448275862,1280.4347826086957,521.3846153846154,834.0615384615385,1272.764705882353
GJ0301_T,1990.2957055214724,13631.01680672269,55934.1724137931,2347.710144927536,1096.9692307692308,1886.0615384615385,2191.485294117647
GJ0301_V,1666.60490797546,11414.142857142857,46837.34482758621,1920.144927536232,859.7538461538461,1599.5384615384614,1856.3382352941176
GJ0351_A,839.5411042944785,5749.798319327731,23594.0,925.8840579710145,465.53846153846155,857.8461538461538,860.0147058823529
GJ0351_B,756.8453987730061,5183.436974789916,21269.96551724138,868.072463768116,382.53846153846155,744.3538461538461,787.3235294117648
GJ0351_C,1564.6147239263803,10715.638655462184,43971.06896551724,1846.5942028985507,758.9846153846154,1528.1692307692308,1791.3088235294117
GJ0351_D,1365.7815950920246,9353.882352941177,38383.1724137931,1561.0289855072465,727.4923076923077,1202.4923076923078,1574.9411764705883
GJ2601_P,1151.0957055214724,7883.55462184874,32349.758620689656,1344.1739130434783,677.4769230769231,1005.1538461538462,1229.9117647058824
GJ2601_S,1514.2613496932515,10370.781512605043,42555.96551724138,1821.5652173913043,880.4307692307692,1244.5846153846153,1676.8823529411766
GJ2701_S,985.720245398773,6750.941176470588,27702.137931034482,1261.0144927536232,443.83076923076925,707.6153846153846,1167.235294117647
GJ275A_V,1062.7926380368099,7278.789915966387,29868.137931034482,1546.9855072463768,438.4769230769231,925.2153846153847,1054.485294117647
GJ2801_B,1344.1177914110428,9205.512605042017,37774.34482758621,1588.3623188405797,771.4,1136.4923076923078,1507.735294117647
GJ2801_C,1417.2098159509203,9706.100840336134,39828.48275862069,1625.6811594202898,611.4461538461538,1303.9076923076923,1602.5588235294117
GJ2801_D,1349.1423312883435,9239.9243697479,37915.55172413793,1499.608695652174,636.3692307692307,1077.7076923076922,1601.2941176470588
GJ282A_T,1192.6061349693252,8167.848739495798,33516.34482758621,1375.8695652173913,499.44615384615383,946.4769230769231,1403.8823529411766
GJ2851_C,1084.2245398773007,7425.571428571428,30470.44827586207,1261.9420289855072,489.7692307692308,974.0615384615385,1266.7058823529412
GJ2851_R,1074.6184049079754,7359.781512605042,30200.48275862069,1292.4927536231885,659.6769230769231,934.5230769230769,1034.5441176470588
GJ290A_M,1433.7312883435584,9819.252100840336,40292.793103448275,1675.391304347826,779.4769230769231,1311.7076923076922,1496.3235294117646
GJ3051_A,568.8601226993865,3895.9747899159665,15986.931034482759,779.1159420289855,349.4153846153846,447.3692307692308,581.6029411764706
GJ3051_B,1780.8159509202453,12196.344537815126,50047.06896551724,2056.376811594203,1310.2615384615385,1375.676923076923,2131.6470588235293
GJ3051_E,676.7754601226994,4635.058823529412,19019.724137931036,801.8260869565217,398.7846153846154,547.5230769230769,763.1911764705883
GJ3051_F,1291.1926380368097,8843.042016806723,36286.96551724138,1484.4347826086957,601.3692307692307,1036.2923076923078,1497.514705882353
GJ3101_R,653.3042944785276,4474.310924369748,18360.103448275862,741.2173913043479,374.83076923076925,533.9230769230769,768.0735294117648
GJ3101_S,622.6085889570552,4264.084033613445,17497.44827586207,705.6231884057971,381.4923076923077,704.0461538461539,686.6029411764706
GJ3301_A,1064.6920245398774,7291.798319327731,29921.51724137931,1220.6666666666667,799.0307692307692,870.4153846153846,1138.25
GJ3301_B,321.94601226993865,2204.924369747899,9047.793103448275,370.4782608695652,202.2153846153846,267.66153846153844,377.4852941176471
GJ3301_C,627.5680981595092,4298.050420168067,17636.827586206895,825.927536231884,371.18461538461537,431.6923076923077,839.1470588235294
GJ3301_D,546.9398773006135,3745.8487394957983,15370.896551724138,623.4492753623189,390.8,437.9230769230769,576.1323529411765
GJ3351_S,1162.9472392638038,7964.72268907563,32682.827586206895,1302.1304347826087,856.3692307692307,1284.6461538461538,1226.4264705882354
GJ3351_T,817.3055214723927,5597.512605042017,22969.103448275862,986.7391304347826,452.2307692307692,712.4923076923077,881.6764705882352
GJ3351_V,1361.6073619631902,9325.29411764706,38265.862068965514,1467.3623188405797,1004.6923076923077,1406.4153846153847,1268.735294117647
GK015A_T,1679.878527607362,11505.050420168067,47210.379310344826,2123.463768115942,952.9846153846154,1328.876923076923,1822.8823529411766
GK0301_C,1838.4343558282208,12590.957983193277,51666.34482758621,2374.449275362319,816.9692307692308,1481.246153846154,2223.014705882353
GK0301_D,1587.038036809816,10869.210084033613,44601.24137931035,2054.1739130434785,797.8,1290.923076923077,1817.3676470588234
GK0351_R,1000.8638036809816,6854.655462184874,28127.724137931036,1150.695652173913,567.3692307692307,881.123076923077,1065.3088235294117
GK0351_T,2299.7349693251535,15750.285714285714,64630.48275862069,2734.985507246377,1331.446153846154,1932.9692307692308,2638.1323529411766
GK0351_V,2319.923926380368,15888.55462184874,65197.862068965514,2618.3623188405795,1037.5692307692307,2044.2615384615385,3306.705882352941
GK037A_P,1783.8687116564417,12217.252100840336,50132.862068965514,2149.0,927.4769230769231,1441.553846153846,2119.720588235294
GK037A_Q,2812.3815950920243,19261.268907563026,79037.62068965517,3070.927536231884,1781.446153846154,2027.4153846153847,3343.264705882353
GK0401_B,959.9914110429448,6574.731092436975,26979.068965517243,1087.304347826087,965.3076923076923,886.8461538461538,897.3382352941177
GK0401_C,955.8907975460123,6546.64705882353,26863.827586206895,1142.0434782608695,441.55384615384617,789.5076923076923,1099.8823529411766
GK0401_D,1825.0171779141103,12499.067226890757,51289.275862068964,2162.391304347826,899.276923076923,1672.7846153846153,2297.955882352941
GK045A_T,1795.716564417178,12298.394957983193,50465.8275862069,2088.768115942029,936.8615384615384,1517.1692307692308,2050.0
GK0501_A,1349.0196319018405,9239.084033613446,37912.10344827586,1533.7391304347825,610.723076923077,1139.9384615384615,1545.0588235294117
GK0501_B,1194.4748466257668,8180.64705882353,33568.862068965514,1468.8840579710145,551.6769230769231,932.5538461538462,1506.6470588235295
GK0501_C,1311.398773006135,8981.42857142857,36854.8275862069,1575.159420289855,673.6307692307693,1094.4153846153847,1526.3676470588234
GK0501_D,692.1423312883436,4740.302521008403,19451.58620689655,686.927536231884,384.0615384615385,492.3692307692308,1190.1029411764705
GK0551_T,1809.277300613497,12391.268907563026,50846.93103448276,2148.927536231884,1121.2153846153847,1607.9692307692308,2007.9264705882354
GK0551_V,1582.3828220858895,10837.327731092437,44470.41379310345,1843.5942028985507,944.123076923077,1352.2307692307693,1777.7941176470588
GK0551_W,311.72269938650305,2134.90756302521,8760.48275862069,363.5507246376812,224.16923076923078,275.0153846153846,301.55882352941177
GK075A_T,1929.3374233128834,13213.529411764706,54221.03448275862,2036.8115942028985,1487.0,1837.1846153846154,2003.0735294117646
GK075A_V,1310.484662576687,8975.16806722689,36829.137931034486,1481.5942028985507,821.8461538461538,1115.7846153846153,1374.8529411764705
GK0851_R,990.758282208589,6785.44537815126,27843.724137931036,1172.9855072463768,524.1384615384616,880.9230769230769,1011.5735294117648
GK0851_S,686.6110429447853,4702.420168067227,19296.137931034482,861.7536231884058,331.12307692307695,569.5846153846154,705.8088235294117
GK0851_V,948.3006134969326,6494.663865546218,26650.51724137931,1246.855072463768,513.0461538461539,735.4615384615385,1020.1470588235294
GK2371_R,515.4478527607362,3530.168067226891,14485.862068965518,590.7536231884058,339.2,471.12307692307695,560.3823529411765
GK2371_T,800.3018404907975,5481.058823529412,22491.241379310344,835.5652173913044,654.2923076923076,777.7692307692307,760.0147058823529
GK2371_W,561.5263803680981,3845.747899159664,15780.827586206897,659.5072463768116,445.9384615384615,527.6923076923077,603.9411764705883
GK4501_A,1040.8981595092025,7128.8403361344535,29252.827586206895,1280.159420289855,584.0461538461539,784.5230769230769,1204.0735294117646
GK4501_B,1293.557055214724,8859.235294117647,36353.41379310345,1535.3623188405797,897.4461538461538,1014.6461538461539,1574.2794117647059
GK4601_T,1294.4294478527606,8865.210084033613,36377.93103448276,1400.2173913043478,1071.4615384615386,1156.1538461538462,1270.0294117647059
GK5101_A,519.6687116564417,3559.075630252101,14604.48275862069,613.9855072463768,287.24615384615385,451.46153846153845,573.8088235294117
GK5101_C,1334.438036809816,9139.218487394957,37502.31034482759,1405.0434782608695,706.4307692307692,1162.2615384615385,1637.1176470588234
GK5101_D,1123.8171779141105,7696.731092436975,31583.137931034482,1350.2173913043478,729.9230769230769,920.4153846153846,1277.7058823529412
GL0051_R,1344.6331288343558,9209.042016806723,37788.8275862069,1774.6811594202898,711.0769230769231,1086.8461538461538,1395.0588235294117
GL0051_S,509.05030674846626,3486.3529411764707,14306.068965517241,613.0,340.81538461538463,455.83076923076925,467.75
GL0051_X,662.7901840490797,4539.27731092437,18626.689655172413,926.3623188405797,214.07692307692307,426.6461538461538,909.1470588235294
GL0401_R,1780.7828220858896,12196.117647058823,50046.137931034486,2171.3623188405795,1441.9384615384615,1073.7692307692307,1929.1323529411766
GL0401_V,1216.4920245398773,8331.436974789916,34187.620689655174,1489.0289855072465,576.1692307692308,976.6307692307693,1397.3823529411766
GL0451_A,994.6098159509203,6811.823529411765,27951.96551724138,1309.6811594202898,627.1076923076923,674.4769230769231,1093.5735294117646
GL0451_B,2259.852760736196,15477.142857142857,63509.65517241379,2480.623188405797,734.4615384615385,2488.523076923077,2612.3970588235293
GL0451_C,1076.1460122699386,7370.243697478992,30243.41379310345,1561.8985507246377,419.03076923076924,582.2153846153847,1320.235294117647
GL0521_R,1981.2306748466258,13568.932773109243,55679.41379310345,2131.840579710145,1570.6,2200.507692307692,1727.5441176470588
GL0521_S,1550.557055214724,10619.361344537816,43576.0,2290.246376811594,748.6461538461539,1144.676923076923,1837.3823529411766
GL0521_V,834.0969325153375,5712.512605042017,23441.0,1015.4492753623189,576.1692307692308,760.3076923076923,903.7794117647059
GL0551_A,1069.9509202453987,7327.81512605042,30069.310344827587,1031.4492753623188,823.9076923076923,912.2,1224.3823529411766
GL0551_D,562.0760736196319,3849.5126050420167,15796.275862068966,634.7536231884058,319.95384615384614,459.7846153846154,692.1617647058823
GL1251_B,672.6539877300613,4606.83193277311,18903.896551724138,723.6521739130435,461.6461538461538,544.9538461538461,766.6323529411765
GL1251_C,3043.311656441718,20842.8487394958,85527.55172413793,3537.391304347826,1685.3076923076924,2838.507692307692,3234.8823529411766
GL1251_D,1257.9349693251534,8615.268907563026,35352.31034482759,1608.391304347826,662.0307692307692,1092.9846153846154,1283.5
GL1351_B,1556.5484662576687,10660.394957983193,43744.379310344826,1767.2463768115942,744.123076923077,1244.4,1980.9117647058824
GL1351_C,822.7754601226994,5634.9747899159665,23122.827586206895,969.1449275362319,465.8615384615385,671.6769230769231,906.0588235294117
GL1401_R,2075.3423312883438,14213.47899159664,58324.275862068964,2446.623188405797,1225.1384615384616,1686.1692307692308,2471.3382352941176
GL1401_V,802.0098159509203,5492.756302521008,22539.241379310344,1025.695652173913,521.0,668.9538461538461,740.8529411764706
GL142A_A,1194.4674846625767,8180.596638655462,33568.65517241379,1352.8115942028985,668.4615384615385,940.1076923076923,1575.6323529411766
GL1451_H,1067.7779141104295,7312.9327731092435,30008.241379310344,1140.4782608695652,954.2615384615384,715.9846153846154,1132.985294117647
GL1691_R,1989.6687116564417,13626.72268907563,55916.55172413793,2203.623188405797,1164.1846153846154,1668.9692307692308,2449.3676470588234
GL1691_S,1724.7018404907976,11812.033613445377,48470.06896551724,1991.2753623188405,1058.6153846153845,1375.876923076923,2235.1470588235293
GL1701_A,2572.277300613497,17616.85714285714,72289.86206896552,3208.3623188405795,1722.4,2386.2153846153847,2031.514705882353
GL1701_B,1455.1079754601226,9965.655462184874,40893.55172413793,1555.7391304347825,868.8461538461538,1239.3384615384616,1963.5588235294117
GL1701_C,642.2294478527607,4398.46218487395,18048.862068965518,811.7536231884058,385.8,492.73846153846154,615.5882352941177
GL1701_E,1308.6319018404909,8962.47899159664,36777.06896551724,1511.5072463768115,706.6769230769231,1100.2615384615385,1442.014705882353
GL1821_R,1677.2294478527608,11486.90756302521,47135.93103448276,1962.4202898550725,927.4,1420.8923076923077,1879.6029411764705
GL1821_S,2194.8723926380367,15032.10924369748,61683.48275862069,2606.1884057971015,1314.3538461538462,2127.769230769231,2181.5588235294117
GL1821_V,969.4907975460122,6639.789915966387,27246.03448275862,1099.7391304347825,520.8307692307692,795.1846153846154,1513.235294117647
GL1901_P,565.5288343558282,3873.159663865546,15893.310344827587,660.6086956521739,319.33846153846156,449.1384615384615,633.1470588235294
GL1901_S,1655.1484662576688,11335.680672268907,46515.379310344826,1802.144927536232,940.0769230769231,1326.8615384615384,1944.8970588235295
GL1901_T,409.7509202453988,2806.27731092437,11515.413793103447,495.768115942029,184.93846153846152,302.96923076923076,504.61764705882354
GL3551_R,2813.721472392638,19270.44537815126,79075.27586206897,3303.985507246377,1696.8461538461538,2344.7384615384617,2988.5588235294117
GL3551_S,1880.642944785276,12880.033613445377,52852.55172413793,2060.0,1142.4307692307693,1801.553846153846,2140.6323529411766
GL3551_T,2261.849079754601,15490.81512605042,63565.75862068965,2645.1014492753625,1243.8923076923077,2075.6615384615384,2432.9411764705883
GL4151_B,430.33374233128836,2947.2436974789916,12093.862068965518,483.2028985507246,378.5692307692308,317.24615384615385,434.5882352941176
GL4151_C,301.2932515337423,2063.4789915966385,8467.379310344828,314.92753623188406,240.8153846153846,281.10769230769233,310.9117647058824
